<?xml version="1.0" encoding="UTF-8"?>
<project-private xmlns="http://www.netbeans.org/ns/project-private/1">
    <editor-bookmarks xmlns="http://www.netbeans.org/ns/editor-bookmarks/1"/>
    <open-files xmlns="http://www.netbeans.org/ns/projectui-open-files/1">
        <file>file:/home/raq/NetBeansProjects/Redes%20Complexas/main.cpp</file>
        <file>file:/home/raq/NetBeansProjects/Redes%20Complexas/Arquivos.h</file>
        <file>file:/home/raq/NetBeansProjects/Redes%20Complexas/Analise.h</file>
    </open-files>
</project-private>
