<?xml version="1.0" encoding="UTF-8"?>
<configurationDescriptor version="62">
  <logicalFolder name="root" displayName="root" projectFiles="true">
    <logicalFolder name="HeaderFiles"
                   displayName="Arquivos de cabeçalho"
                   projectFiles="true">
      <logicalFolder name="Metricas" displayName="Metricas" projectFiles="true">
        <itemPath>Metricas/ClusteringCoefficient.h</itemPath>
        <itemPath>Metricas/ComponentesConectados.h</itemPath>
        <itemPath>Metricas/Distancia.h</itemPath>
        <itemPath>Metricas/Grau.h</itemPath>
        <itemPath>Metricas/Transitividade.h</itemPath>
      </logicalFolder>
      <logicalFolder name="Listas" displayName="TADs" projectFiles="true">
        <itemPath>Listas/Graph.h</itemPath>
        <itemPath>Listas/List.h</itemPath>
        <itemPath>Listas/Queue.h</itemPath>
        <itemPath>Listas/Stack.h</itemPath>
      </logicalFolder>
      <itemPath>Analise.h</itemPath>
      <itemPath>Arquivos.h</itemPath>
      <itemPath>Reducoes.h</itemPath>
    </logicalFolder>
    <logicalFolder name="SourceFiles"
                   displayName="Arquivos de código-fonte"
                   projectFiles="true">
      <itemPath>main.cpp</itemPath>
    </logicalFolder>
    <logicalFolder name="ResourceFiles"
                   displayName="Arquivos de recurso"
                   projectFiles="true">
      <itemPath>03.Links</itemPath>
      <itemPath>09.Links</itemPath>
    </logicalFolder>
    <logicalFolder name="ExternalFiles"
                   displayName="Arquivos importantes"
                   projectFiles="false">
      <itemPath>Makefile</itemPath>
    </logicalFolder>
  </logicalFolder>
  <projectmakefile>Makefile</projectmakefile>
  <confs>
    <conf name="Debug" type="1">
      <toolsSet>
        <developmentServer>localhost</developmentServer>
        <compilerSet>GNU|GNU</compilerSet>
        <platform>2</platform>
      </toolsSet>
      <compileType>
        <linkerTool>
          <linkerLibItems>
          </linkerLibItems>
        </linkerTool>
      </compileType>
    </conf>
    <conf name="Release" type="1">
      <toolsSet>
        <developmentServer>localhost</developmentServer>
        <compilerSet>GNU|GNU</compilerSet>
        <platform>2</platform>
      </toolsSet>
      <compileType>
        <cTool>
          <developmentMode>5</developmentMode>
        </cTool>
        <ccTool>
          <developmentMode>5</developmentMode>
        </ccTool>
        <fortranCompilerTool>
          <developmentMode>5</developmentMode>
        </fortranCompilerTool>
        <linkerTool>
          <linkerLibItems>
          </linkerLibItems>
        </linkerTool>
      </compileType>
    </conf>
  </confs>
</configurationDescriptor>
